id	top_words
cid=0	sxsw,november,hope,watch,galaxy,strange,hey,ball,bout,wrong
cid=1	rock,roll,dads,sunny,gnar,field,drawing,smiles,taste,xxx
cid=2	viola,soul,progress,q2,writing,inside,beach,singing,sweet,chilling
cid=3	blues,rock,roots,folk,cover,keys,black,black keys,roll,gritty
cid=4	indie,love,pop,road,chill,june,winter,april,bb,lips
cid=5	brighten,camping,mothers,neighbor,salt,meg,finals,final,created,rip
cid=6	chill,driving,soak,edits,alternative,star gazing,slow,star,gazing,road
cid=7	january,main,school,fre,mar,newish,middle,recent,gym,goodness
cid=8	essentials,falling,world,chilling,life,melt,easy,fusion,jose,stop
cid=9	chill,share,sit,lil,ultimate,relax,homework,slow,grey,repeat
cid=10	april,alternative,person,art,tumblr,edm,volume,seth,klance,roadtrip
cid=11	idc,guilty,june,upbeat,car,bops,bop,title,white,guilty pleasure
cid=12	party,pumped,dance,spring,break,happy,parties,workout,spring break,mood
cid=13	chill,jon,indie,ayy,electronic,aesthetic,vibe,bellion,chillstep,jon bellion
cid=14	december,explore,bored,deserves,alive,erik,genres,fun,missed,scary
cid=15	indie,life,indie rock,rock,sick,happy,september,euphoria,alive,hate
cid=16	miss,home,cali,road,closer,overplayed,friend,pch,ari,school
cid=17	beach,happy,pop country,road,world,walks,crazy,vibrations,paradise,girl
cid=18	girl,world,hoe,anthems,pop,hoe anthems,party,power,women,run
cid=19	run,dance,upbeat,mood,running,dance party,workout,pump,max,party
cid=20	car,happy,zone,mind,simp,litty,titty,litty titty,fun,ground
cid=21	girl,pt,control,august,god damn,totally,feelings,god,damn,chill electronic
cid=22	chill,love,mellow,mind,indie,wind,light,yoga,heart,deep
cid=23	vibe,sink,public,relax,emotion,happy sad,jordan,soft,inside,skin
cid=24	love,wedding,dinner,evening,jazz,mellow,background,mood,classics,smooth
cid=25	party,rap,hype,bangers,turnt,hip,hop,litty,hip hop,throw
cid=26	rock,classic,classic rock,classics,oldies,dad,love,roll,70s,60s
cid=27	grad party,rachel,chris,friendly,faith,friday,created,faces,note,family friendly
cid=28	blackbear,bear,chill,dad,reference,ass,listened,season,chillen,type
cid=29	chill,sad,love,feelings,vibe,mood,slow,vibin,rap,chill chill
cid=30	bops,september,june,seventeen,updated,heard,blend,august,genres,pop
cid=31	adventure,stop,lord,english,general,pump,global,partner,dying,starbucks
cid=32	hope,vibe,vibin,hype,experimental,pop,special,hoco,lov,event
cid=33	love,august,travel,experience,casual,california,aka,lamar,kendrick lamar,dirty
cid=34	acoustic,indie,chill,folk,sad,rainy,morning,slow,life,autumn
cid=35	cozy,happy,mood,discoveries,october,running,morning,women,upbeat,small
cid=36	acoustic,slow,love,calm,mood,hot,happy mood,folk,universe,chocolate
cid=37	october,winter,happy,september,tbh,leave,yoga,break,upbeat,past
cid=38	lot,eclectic,driving,dad,deftones,add,version,welp,hurts,hey
cid=39	chill,love,break,disappoint,poetry,february,chill pop,album,pop country,bad
cid=40	sad,chill,sleep,cry,calming,jess,rainy,art,sky,zone
cid=41	car,mood,company,august,catchy,vibin,edgy,guaranteed,boogie woogie,blowing
cid=42	sex,vibin,groovy,hey,smith,tryna,august,likes,genre,hope
cid=43	work,stay,damn,ppl,fun fun,fun,february,repeat,cry,hear
cid=44	covers,acoustic,cover,live,acoustic covers,chill,performances,versions,sessions,unplugged
cid=45	chill chill,life,sax,crunk,september,coolest,grooves,tea,chill,heard
cid=46	chill,love,mellow,smooth,slow,vibe,mood,school,calm,studying
cid=47	honor,bangerz,2k17,jenny,rocks,roadie,cold,boy bands,multiple,se
cid=48	chill,rap,party,luis,bump,chilling,chillin,picks,matter,stole
cid=49	pop,tv,grab,melancholia,april,alternative,hear,josie,yup,rain
cid=50	chill,indie,sounds,love,school,pretty,nostalgia,high,end,alternative
cid=51	chill,tricky,yea,selection,beach house,trip hop,featured,slowly,hands,idk
cid=52	reggae,beach,marley,bob,bob marley,island,relax,sun,dub,mind
cid=53	single,basketball,july,bbq,selena,relax,gambino,childish,fun,march
cid=54	fun,chill,bye,work,chill vibe,harder,chillin,morning,daddy,nuggets
cid=55	classics,road,car,trip,road trip,alternative,living,staring,ju,flies
cid=56	rap,logic,chill,hip,hop,hip hop,life,litty,sum,coupe
cid=57	oldies,soul,60s,goodies,50s,love,classic,rock,jazz,classics
cid=58	study,drown,ocean,homework,studying,esketit,eras,homesick,fans,event
cid=59	fluff,road,folk,sample,bliss,yah,imagine,cats,chloe,flowers
cid=60	party,dance,happy,room,car,dance party,birthday,alongs,wedding,classic
cid=61	happy,miss,gay,cali,boy,flower,sunflower,heads,happy happy,world
cid=62	update,chill,rocks,dear,emotions,miss,freaking,jack,mood,breezy
cid=63	rock,girl,cover,women,power,indie,strong,90s,grl,grl pwr
cid=64	ed,love,sheeran,ed sheeran,chill,life,acoustic,slow,stressed,crying
cid=65	worldwide united,countries,destinations,access,unitedhub,countries worldwide,flyerfriendly,united,airline,inspired
cid=66	oldies,80s,classics,love,70s,rock,vol,goodies,school,guardians
cid=67	girl,ilysb,lyrics,boy,xoxo,4u,pretty,pretty girl,level,hopeless romantic
cid=68	happy,chill,love,wedding,hey,nostalgia,life,mom,chillax,worry
cid=69	background,spring,hear,upbeat,mellow,happy hour,weird,hour,discover,basically
cid=70	coldplay,imagine,imagine dragons,dragons,republic,road trip,rock,road,trip,mutemath
cid=71	vibin,sampha,work,extra,lil,finest,chill chill,musical,growing,takes
cid=72	chill,bops,autumn,hope,cheers,happy mood,vol,congrats,sound,sleepy
cid=73	chill,nat,celebration,zoom,calm,happening,mellow,rlly,york,birthday
cid=74	chill,high,trippy,sleep,groovy,relax,trip,selection,electro,rehearsal
cid=75	dance,freestyle,free,sex,vids,multiple,se,eras,homesick,fans
cid=76	sad,love,cry,mellow,crying,sadness,chill,calm,mind,sleep
cid=77	sad,soul,emo,hope,calm,colors,bored,story,blue,introspection
cid=78	chill,vibe,mood,love,september,rap,october,idk,mellow,relax
cid=79	sophie,xx,sweet,january,november,girl,adrenaline,bar,homesick,fans
cid=80	sad,chill,indie,calm,love,sleep,relax,slow,rainy,folk
cid=81	pop,love,party,dance,mood,ariana,pumped,clean,ready,popular
cid=82	mat,absolute,dank,weekends,ranch,dom,personal,vids,eras,homesick
cid=83	chill,relax,birthday,vibe,lisa,ma,roll,chill pill,sampha,lungs
cid=84	memes,kids,meme,love,picks,camp,dank,comedy,work,funny
cid=85	indie,alternative,march,rock,sounds,inspired,indie rock,chill,love,drop
cid=86	chill,emotions,calm,style,coffee,coffee shop,soul,car,mind,pretty
cid=87	car,classics,sing,throwback,memories,throw,immediately,bringing,fast,car ride
cid=88	indie,happy,alternative,rock,pop,alt,love,indie pop,windows,upbeat
cid=89	hell yeah,poop,yeah,drink,cream,bangers,nap,mind,beach,hype
cid=90	love,love love,lovey,lovey dovey,dovey,hey man,ton,miles,city,update
cid=91	chill,moment,hope,house,tryna,japanese,fun,tryna chill,alexis,kinda chill
cid=92	smile,life,beautiful,bump,winter,world,dankest,slow,reason,stronger
cid=93	sex,sleep,rain,beauty,rainy,songz,pal,calm,lil,smooth
cid=94	sad,love,cry,feelings,sad sad,slow,depression,heart,mood,emotions
cid=95	face,door,ghost,pissed,front,rage,ugly,hype,idk,screams
cid=96	chill,march,hate,friend,town,happy,mood,sick,prolly,kinda
cid=97	life,love,write,titty,breathing,press,lil bit,english,art,changing
cid=98	dance,work,run,noise,bangers,house,classics,sweat,hard,vegas
cid=99	march,spring,vibing,genre,catchy,vibe,mar,drives,fun,smell
cid=100	love,happy,soundtrack,dude,birthday,derek,heart,soft,indie rock,happy birthday
cid=101	chill,electronic,edm,weird,love,sounds,house,bass,chill edm,deep
cid=102	noise,idk,funeral,fire,weed,lazy,faster,drawing,aesthetic,fun
cid=103	home,version,car,work,training,push,work work,literally,dancing,catchy
cid=104	happy,sad happy,explore,desire,travel,florida,sad,girl,april,sarah
cid=105	chill,remind,russ,inspiring,slow,ca,rainbow,calming,winter,happy
cid=106	listened,seventeen,trip,called,emo,sound,habits,evan,bad,bang
cid=107	wedding,road,home,school,city,party,spirit,south,kate,drop
cid=108	chill,love,school,baby,khalid,idk,main,rap,july,lights
cid=109	october,wave,festivities,urban,floating,spoopy,oct17,spicy,job,frick
cid=110	rap,fire,hype,litty,bangers,party,hip,hop,chill,hip hop
cid=111	chilly,aesthetic,talk,hop,hip,lil bit,mornin,lake,hip hop,field
cid=112	rock,metal,grunge,90s,alternative,heavy,love,classic,cover,guitar
cid=113	alt,alternative,rock,indie,alternative indie,alt nation,classic,rock indie,alternative rock,nation
cid=114	alternative,work,alt rock,alternative rock,relax,clean,trip,road,sister,birthday
cid=115	love,sex,chill,mood,weeknd,slow,baby,life,xxx,vibe
cid=116	chill,lyrics,love,kms,jus,search,vibe,sap,drift,aint
cid=117	chill,love,throwback,happy,acoustic,trip,road,kind,relax,cuz
cid=118	chill,november,sunshine,travel,compilation,vibe,moment,lot,winter,strut
cid=119	rap,workout,eminem,gym,work,hype,pump,beat,hard,rap rap
cid=120	worst,pretend,lil,single,represents,confident,listened,pride,personal,lamar
cid=121	chill,roadtrip,seventeen,ready,coffee,room,blue,lala,political,diversity
cid=122	chill,love,pill,slaps,gay,red,blues,hype,chill pill,dope
cid=123	july,rides,car rides,lot,happy,car,hannah,rlly,ago,isabella
cid=124	chill,tf,bro,calm,poppy,relaxin,relax,charlie,chill tf,basement
cid=125	acoustic,early,characters,title,lil,memories,creative,relax,photo,edgy
cid=126	chill,indie,rock,love,sad,mood,mind,soft,clouds,heart
cid=127	jazz,sweet sweet,soulmate,nostalgic,adding,remind,hip,hop,winter,meh
cid=128	chill,love,study,indie,lineup,started,house,butter,float,peanut butter
cid=129	hanging,beach bum,beach,mind,lights,home,remind,goodness,tour,summertime
cid=130	love,power,chill,idk,august,girl,ready,daniel,break,sis
cid=131	zimmer,glass animals,big mood,beyonce,club,bon,door,bastille,coachella,banks
cid=132	chill,gerald,eazy,rap,hop,hip,mood,hip hop,downtown,small
cid=133	rap,party,hype,hop,litty,fire,hip,hip hop,chill,car
cid=134	love,dog,happy,wtf,september,sad,july,october,idk,chill
cid=135	honey,sam,necessarily,happy birthday,matter,hope,catchy description,compilation,birthday,garbage
cid=136	ca,romantic,mariah,carey,mariah carey,electronic,upbeat,clean,panic,room
cid=137	love,alex,goodness,renaissance,transitions,szn,uhhh,sweet,xx,goosebumps
cid=138	chill,acoustic,mayer,love,relax,sheeran,mood,thing,ed,john mayer
cid=139	chill,cherry,cherry wine,wine,wit,loving,electronic,february,bops,finger
cid=140	hiking,shred,queen,alternative,phase,girl,mellifluous,honey,festival,soft
cid=141	sweet,settle,happy,sweet sweet,soft,boy bands,se,eras,homesick,fans
cid=142	mixed,car,rock,life,ride,kids,foster,start,pumped,car ride
cid=143	beatles,paul,oldies,beatlemania,happy,wallflower,perks,george,sir,rock band
cid=144	love,heart,remind,love love,breathing,simp,sunday,wonderful,morning,thinking
cid=145	love,sappy,butterflies,disclaimer,chase,gross,obsessed,memories,är,reminisce
cid=146	twitter,youtube,chill,instagram,jack,rain,progress,playist,vibing,titty
cid=147	love love,love,cover image,cover,beautiful,women,image,vids,boy bands,eras
cid=148	chill,vibe,chill vibe,ass,fox,bad,thing,chill chill,paige,drift
cid=149	chill,car,listened,fire,bit,type,sick,relax,lil bit,fun
cid=150	love,floor,hand,world,space,sweet,moon,hey,ca,girl
cid=151	freedom,baby,saved,español,free,relax,français,ear,svenska,english
cid=152	picks,tbt,high school,reception,study,games,work,girl,booty,high
cid=153	rainy,sophomore,full,chris,assortment,epic,falling,lovesick,dj,acoustic
cid=154	ariana,grande,ariana grande,love,shower,tori,follow,kelly,single,katy perry
cid=155	girl,head,acapella,moon,february,ideas,smile,singing,cute,dance
cid=156	happy,happy happy,bunch,singing,car,pump,description,dance,mood,imagine
cid=157	hope,tired,jordan,en,anniversary,vie,la vie,cars,sleepy,rose
cid=158	sad,cry,chill,gloomy,happy,sad happy,relax,hymns,soft rock,lyrics
cid=159	october,bbq,road,shared,friend,lyrics,curated,cover,leaves,featuring
cid=160	love,adj,sick,ethan,oc,world,art,slow,quick,vibin
cid=161	stop,wanderlust,rest,radio,1st,dancing,skip,feelings,wedding,slowly
cid=162	pop,living,literally,gentle,poor,listened,company,collected,pride,meh
cid=163	country,love,classic,classic country,party,yee,classics,road,country classics,country love
cid=164	soul,meditation,ben,soothe,event,mis,dads,multiple,se,eras
cid=165	chill,sad,creepy,id,singer,relax,vibe,stars,easy,fml
cid=166	red,light,mi,cars,star,amor,march,drivin,blue,wen
cid=167	january,morning,slow,thrive,bye,adding,seek,dreams,april,art
cid=168	ny,är,den,augusti,festival,signature,sober,pride,vision,hitta spellistor
cid=169	tbh,rn,aka,dead,obsessions,main,gym,angel,kinda,lifestyle
cid=170	y2k,spent,nicole,august,waves,birthday,projects,july,high,thousand
cid=171	essence,classics,instrumental,early,picks,late,renaissance,sound,hear,choral
cid=172	love,sad,rock,girls,indie,heart,girl,cover,sounds,dreamy
cid=173	rock,alternative,fresh,rocking,world,groovy,bands,queen,fresh start,uk
cid=174	mixtape,remind,soft,loved,asf,explanatory,writing,chill pill,nick,past
cid=175	june,chill,man,leaves,ca,october,catchy,august,vibe,end
cid=176	sweet,sound,hope,april,relax,hear,peace,catchy,based,peachy
cid=177	chill,gazing,10th,drift,star,star gazing,relax,vibe,driving,sad sad
cid=178	happy,home,share,june,coast,offer,today,end,xd,experimental
cid=179	chill,bit,created,taking,study,pill,bland,flavor,chill pill,plain
cid=180	throwback,throwbacks,childhood,school,nostalgia,disney,middle,middle school,dance,oldies
cid=181	odd,adams,road,weed,road trip,spring,trip,thoughts,change,eve
cid=182	chillin,friyay,frick,chiller,edm,fresh,sad,fired,christina,exclusively
cid=183	kid,ill,alternative,takes,city lights,alternative pop,lived,lights,emo,specific
cid=184	sexual,hoe,water,sex,catch,sensual,bath,cryin,girl,fu
cid=185	halloweenie,august,ten,rap rap,update,mellow,graham,july,numb,bumpin
cid=186	lovey,dovey,laying,rachel,study,spring,caroline,paris,seventeen,lovey dovey
cid=187	love,remind,sweetheart,found,mixtape,la,maggie,floating,discoveries,forget
cid=188	workout,twerkout,workout twerkout,beans,black,tomorrow,ooooh,featuring,kodak,kanye
cid=189	pop,updated,chill,september,october,august,moment,curated,electronic,thoughts
cid=190	chill,bops,memories,college,dig,vibez,bro,july,fuel,june
cid=191	game,life,high,bop,car,bops,bumpin,spice,livin,updated
cid=192	wavy,driving,lonely,misc,planet,jordan,girl,motivated,family,vibrations
cid=193	pls,sleep,world,brooklyn,object,white,lungs,august,wandering,study
cid=194	cry,single,adele,extreme,emo,shower,calm,assignments,ye,homework
cid=195	rap,hop,chill,hip,hip hop,progress,catchy,lonely,small,chicks
cid=196	dinner,party,realize,windows,cover,dinner party,wrong,type,image,driving
cid=197	pop,edm,chill,house,life,dance,june,summa,studying,party
cid=198	covers,cover,chill,original,lyrics,classic,hurry,classic rock,study,work
cid=199	check,escape,aka,happy,nick,cover,womb,november,album,event
cid=200	rock,indie,alt,chill,alternative,indie rock,road,garage,alt rock,alternative rock
cid=201	cover,power pop,love,rock,pop,road trip,power,road,trip,tillfällen på
cid=202	progressive,follow,french,house,rest,touch,break,obsession,punk,bangers
cid=203	sunday,lazy,easy,winter,sundays,blend,al,cold,nights,background
cid=204	upbeat,chill,happy,indie,spring,drive,alt,car,windows,mood
cid=205	mind,love,hope,unwind,march,hey,memories,remind,endless,sucks
cid=206	love,chill,sad,life,wedding,rainy,relax,soft,happy,stars
cid=207	happy,dance,sing dance,happy happy,sing,purely,tired,weather,lift,hope
cid=208	mindless,alt,ultimate,variety,february,blake,lil,wild,listened,skip
cid=209	upbeat,alternative,indie,indie pop,dance,bops,folk,school,fun,rock
cid=210	chill,biggie,chill pill,due,art,guy,official,stay,iv,concert
cid=211	happy,party,dance,world,celebrate,moods,daze,takes,wedding,july
cid=212	sleep,early,world,trouble,march,lost,reality,goodies,judge,sleeping
cid=213	arctic,monkeys,arctic monkeys,isabella,idk,issues,magic,daddy issues,low,aug
cid=214	dinner,breaks,incubus,fuego,romance,select,reception,pretty,adams,wonderful
cid=215	pop,car,february,repeat,sweet,rnb,jammin,senior,happy happy,fun
cid=216	moody,makeout,cry,sexy,focus,calm,daddy,live,father,spicy
cid=217	chill,folk,love,indie,happy,acoustic,indie folk,mellow,start,soft
cid=218	love,simp,sad,generally,bread,today,hurt,min,blessing,sad boy
cid=219	road,chill,beach,vibe,chillin,jack,california,minute,sunday,update
cid=220	love,winter,chill,pop,life,road trip,dream pop,march,heart,sound
cid=221	chill,september,fast,house,easy,sick,power,chill study,move,study
cid=222	camping,relive,pretty,eyes,soul,stockholm,stare,grab,soul food,amazing
cid=223	rollercoaster,couple,emotional,free,emotions,endless,muse,vibe,lil,hope
cid=224	holiday,trip,road,dinner,contribution,nina,party party,jammin,world,road trip
cid=225	rap,school,hip hop,hip,hop,classics,chill,rap rap,2pac,classic
cid=226	love,rock,spring,hours,early,bowie,mad men,wes,road,complicated
cid=227	pride,love,girls,women,femme,pop,woman,badass,world,learned
cid=228	alice,disney,glass,wop,dads,multiple,se,eras,homesick,fans
cid=229	clean,happy,hate,moods,hip hop,rides,bc,running,car rides,occasional
cid=230	memories,namaste,miles,rach,filled,yoga,desire,loved,daily,nick
cid=231	chill,happy,compiled,male,pretty,reading,tired,changing,lot,kim
cid=232	house,deep,techno,party,chill,electronic,dance,electro,smooth,sweat
cid=233	drives,sophie,vibe,highschool,title,nope,drive,nostalgia,vibey,baby
cid=234	love,chill,ps,shmood,grow,man,face,ears,simp,rose
cid=235	pretty chill,jazz,adding,shake,ice,ratchet,hey,slaps,paradise,donald
cid=236	occasions,low key,man,low,cole,flow,key,die,vids,boy bands
cid=237	petty,classic,george,roots,celebrating,legendary,air,sweaters,sons,happy birthday
cid=238	chill,extreme,pill,free,air,tired,nashville,car ride,chill pill,car
cid=239	lyrics,listened,wake,beat,gal,summary,amy,la la,david,sauce
cid=240	chill,frank,rap,chill rap,vibe,june,ocean,lowkey,hip hop,frank ocean
cid=241	change,cuz,teenage,fever,taste,spring,sampling,funny,bit,assortment
cid=242	red hot,hot chili,peppers,pick,basic,chili,red,orange,sophia,hot
cid=243	electric,birthday,created,xo,focus,slow,sweet,miss,built,deep focus
cid=244	arabic,israeli,funk,updating,created,disco,sick,show,personal,brazil
cid=245	road,da,emotional,singing,alive,bad,alec,cruisin,soul,rolled
cid=246	fun,catchy,pop,gaming,work,workout,life,dance,running,warm
cid=247	happy,jammin,road trip,hope,talk,stomach,uplifting,road,valentine,case
cid=248	ca,sing,idk,synths,beans,included,drums,words,maria,mike
cid=249	ca,bops,pop,calm,love,june,genre,dig,likey,gold
cid=250	ecstasy,april,love,marry,february,esketit,se,eras,homesick,fans
cid=251	yoga,records,flow,yoga flow,trip,world,panama,evening,costa rica,vibe
cid=252	love,moment,dancing,wheel,love love,simple,nov,singing,bring,silly
cid=253	high school,high,ride,senioritis,car ride,rap pop,school,upbeat,boomin,poppin
cid=254	chill,love,sivan,troye,troye sivan,art,listened,mind,nostalgia,bops
cid=255	groups,capella,instrumental,instrument,full,acapella,hymns,instrumental worship,worship,voice
cid=256	cruising,friend,smith,black,cream,wearing,listened,act,beach,bops
cid=257	calm,soft,rachel,relax,emotions,hey,august,status,van halen,pretty girl
cid=258	march,explain,forever,american teen,april,vibez,memories,teens,extremely,kno
cid=259	chill,lyrics,fast,love,pizza,cry,weird,slow,depressing,relax
cid=260	cover,pop,party,hottest,indie,daily,dance,mood,weekend,happy
cid=261	lana,love,life,aka,rey,queens,girl,shower,ray,melanie
cid=262	start,funky,july,ready,perfection,title,soundtrack,chill house,god,soulful
cid=263	happy,spring,dance,ca,stay,photo,forget,disco,direction,mood
cid=264	sing,cute,upbeat,story,filled,hope,jordan,litt,hype,fun
cid=265	chase,olivia,hope,kick,start,gems,school,maddie,boy bands,eras
cid=266	alt,chill,soundtrack,dig,pill,chill pill,dark,relax,slow,bomb
cid=267	coldplay,andrew,chill,belle,sleep,sets,heart,kno,dream,father
cid=268	rap,hop,kanye,hip hop,hip,hype,kendrick,chill,west,kanye west
cid=269	sis,hope,miss,mom,similar,cars,homesick,fans,event,wop
cid=270	absolute,november,picks,love,april,nostalgic,happened,trash,slow,se
cid=271	april,period,feelings,assortment,bangers,drive,soundiiz,high,car,questions
cid=272	whistle,work,chosen,radiohead,editing,enjoyed,beautiful,collab,experiences,listened
cid=273	relax,noice,hard,significant,smooth,maroon,meets,ca,silk,study hard
cid=274	eyes,sunday afternoon,inspiration,general,personal,super,drive,nostalgia,relaxing,afternoon
cid=275	watsky,love,zach,car,kinda,thought,picture,emma,fun,thing
cid=276	chill,spring,house,party,chainsmokers,smooth,sia,fresh,world,edm
cid=277	california,dreaming,chill,california dreaming,state,friend,home,beach,move,act
cid=278	chill,study,instrumental,studying,instrumentals,jazz,hop,vibe,mellow,calm
cid=279	sad,world,reminds,lyrical,gems,beautiful,bc,ta,add,easy
cid=280	happy,birthday,angst,life,hate,teen angst,teen,soft,february,love
cid=281	happy,windows,sunny,thought,mimosas,happiness,eyes,driving,catchy,fam
cid=282	thought,em,love,ab,homework,gross,sarah,breezy,wop,se
cid=283	indie,live,rock,remind,trip,folk rock,casual,hour,alt,slip
cid=284	love,jason,message,lily,love love,cheesy,worry,alec,remind,felt
cid=285	indie,dark,rainy,deeply,melodic,atmospheric,rowdy,forget,bleh,imagine
cid=286	bunch,flower,bro,bs,inside,july,boy,definition,totally,sweet sweet
cid=287	mello,musical,mellow,hair,cut,july,talent,wild,eating,lorde
cid=288	june,beginnings,max,windows,october,volume,beginning,windows rolled,feelings,full
cid=289	love,sad,eighteen,lazy,sway,wen,updated,version,drama,straight fire
cid=290	morning,love,acoustic,mind,journey,cry,smith,colors,beautiful,soothing
cid=291	chillax,twin peaks,ordinary,lead,twin,peaks,stop,idea,thinking,content
cid=292	90s,throwback,2000s,bands,boy,pop,boy bands,early,remember,early 2000s
cid=293	mess,vids,boy bands,multiple,se,eras,homesick,fans,event,wop
cid=294	strange,life,game,game life,soundtrack,storm,indie,mind,calm,thinkin
cid=295	girl,hey,swear,god,hey girl,life,organize,funeral,moved,composed
cid=296	chill,trust,vibe,soul,person,holy,compiled,honest,radio,june
cid=297	mgmt,ass,show,daddy,sit,original,man,blue,cho,portugal
cid=298	party,home,finally,endless,dog,popular,walk,celebrate,slytherin,loved
cid=299	bieber,justin,justin bieber,biebs,fever,jb,car,baby,role,god
cid=300	sleep,chill,love,mellow,winter,sleepy,sad,sounds,cry,slow
cid=301	classics,folk,chill,acoustic,rock,bob dylan,dylan,oldies,bob,autumn
cid=302	relatable,cozy,whistle,vids,mis,multiple,se,eras,homesick,fans
cid=303	grime,rotation,champion,biggest,cuts,uk,du,sounds,ting,british
cid=304	reasons,show,ca,order,drifting,selena,future,past,photo,soundtrack
cid=305	wattpad,game,character,klance,inspiring,account,repeat,progress,writing,humans
cid=306	på,för,den,hitta,spellistor,hitta spellistor,på tunigo,tillfällen på,tillfällen,alla tillfällen
cid=307	edm,house,electronic,chill,dance,bass,trap,gaming,dubstep,party
cid=308	hour,christine,clean,personal,alabama,queens,tame impala,coachella,variety,ap mob
cid=309	chill,relax,vibe,emotional,words,slow,alternative,guy,bring,brightest
cid=310	stop,musician,soundtracks,arts,junior,adams,fast,moves,contributed,biggest
cid=311	sad,chill,love,hope,cry,lyrics,hurt,life,february,iiiii
cid=312	spring break,car rides,lounging,laid,break,dancing,wrong,american,jan,atm
cid=313	pop,party,dance,love,fun,school,workout,family,meghan,upbeat
cid=314	band,women,married,wine,cheese,left,exist,add,taste,party
cid=315	classical,century,brilliant,garage,works,common,dozens,brass band,cover,expanding
cid=316	season,cold,singer,alternative,prepared,ultimate,holiday,pop rock,selected,cold weather
cid=317	recently,icon,art,basic,moved,california,dreamin,september,idk,loved
cid=318	bug,crying,cry cry,inspired,church,king,ass,cry,legacy,jr
cid=319	coachella,city,girl,save,lineup,ready,acl,firefly,drowning,funeral
cid=320	rare,audio,bands,scenes,influential,documentaries,vids,wop,se,eras
cid=321	dance,spicy,miss,april,eyes,blue,bops,god,cocaine,wop
cid=322	car,explains,xo,sing,vincent,caught,moment,eras,homesick,fans
cid=323	electronic,indie,check,disclosure,trip,road,vibing,skin,funky,beatz
cid=324	summed,taste,jay,vids,wop,se,eras,homesick,fans,event
cid=325	sleep,sounds,study,instrumental,ambient,focus,relax,chill,words,calm
cid=326	hot,pop,chill,morning,indie pop,weather,indie,butterflies,heavy,late
cid=327	90s,2000s,pop,hall,adventure,longer,solid,cd,80s,alt
cid=328	bump,sad,yung,mind,af,lean,duh,boys,trap,trap rap
cid=329	funk,samples,soul,sampled,funky,jazz,band,lot,oldies,sunday morning
cid=330	reminisce,dope,easy,finals,kayla,mind,dec,holidays,vids,dads
cid=331	spanish,español,en,la,canciones,para,reggaeton,latin,en español,el
cid=332	leaves,season,remind,plz,sounds,autumn,avoid,star,swallow,love
cid=333	berlin,point,uptown,funk,spirit,ai,party,klezmer,homesick,dads
cid=334	friend,suggestions,dads,multiple,se,eras,homesick,fans,event,wop
cid=335	emotions,thinking,meghan,sarah,producer,page,exclusively,soundtrack,divas,dancing
cid=336	gay,extreme,quick,big,sad,probs,esketit,homesick,fans,event
cid=337	chill,love,oof oof,oof,vids,boy bands,multiple,se,eras,homesick
cid=338	rap,rhymes,candy,thought,tbd,realized,ice,sunday candy,window,designed
cid=339	chill,monthly,september,soft,august,october,cover,straight,indie,indie chill
cid=340	love,wedding,hope,life,chill,remind,forever,heart,sunday,special
cid=341	eye,cute,thought,sense,arm,broken,wip,thing,literally,alternative
cid=342	babygirl,vibe,gucci,september,man,listened,baby girl,baby,break,fam
cid=343	yellow,mood,tiger,easy,chill mood,kiwi,sunday,cry,sunday mornings,mellow
cid=344	sleep,nap,classical,mom,study,guitar,wine,slow,brooding,dinner
cid=345	lubba dub,dub dub,spooky,lubba,oct,happy,wubba lubba,wubba,schwifty,dub
cid=346	party,dance,sing,white,turnt,fail,wedding,happy,school,psyched
cid=347	lost,depressed,won,war,steve,world,sad,wake,speak,relax
cid=348	cover,punk,rock,metal,addicted,emo,loud,welp,rock hard,core
cid=349	chill,rap,chillin,neon,hoe,feelings,editing,orange,rich,dark
cid=350	magic,season,trance,trip,night,mission,fill,related,progressive,christmas
cid=351	unrequited,smooth,feelings,lil,kick,vids,boy bands,homesick,fans,event
cid=352	love,parken,putte,remind,vids,fans,mis,dads,multiple,se
cid=353	sheeran,car,ed,ed sheeran,cuba,cole,vids,cars,homesick,fans
cid=354	love,singer,romance,al,soul,nwa,baby,falling,pretty,calm
cid=355	celebrate,voice,april,instrument,man,round,god,bit,soundtrack,precious
cid=356	bump,dancy,yoga,youth,drunk,dance dance,swing,high,brunch,solstice
cid=357	sleep,chilllll,happy,productive,nostalgia,relax,esketit,homesick,fans,event
cid=358	kpop,korean,love,cover,bts,pop,groups,slow,exo,ballads
cid=359	weekend,vampire,roots,boat,ride,vampire weekend,supposed,eras,fans,adrenaline
cid=360	show,series,life,cover,rose,soundtrack,television,upbeat,dance,cruise
cid=361	soul,love,slow,rnb,edition,soundtrack,chill,beautiful,amazing,black
cid=362	alex,ca,mess,love,madness,words,edits,happy,youtube,dan
cid=363	spacey,ease,thought,work,studying,swear,gorillaz,drawing,start,edgy
cid=364	tv,sweet,dedicated,shows,grateful,thankful,inspiration,aussie,series,stella
cid=365	radiohead,acoustic,dawn,rain,peel,dusk,legendary,bowie,legacy,dj
cid=366	catchy description,strange,catchy,easy,description,ears,life,se,eras,homesick
cid=367	happy,road,beach,mood,dance,happy happy,stay,booster,mood booster,windows
cid=368	single,hard rock,wandering,catchy description,stream,russian,rock hard,player,start,rock indie
cid=369	road,trip,work,road trip,emoji,diversity,bear,dedicated,break,4th
cid=370	pop,chill,workout,catchy,party,spring,break,2k17,work,happy
cid=371	love,warm,drive,point,repeat,windows,bit,smile,dance,jack
cid=372	thinking,trash,tf,vids,wop,multiple,se,eras,homesick,fans
cid=373	classical,piano,study,instrumental,movie,soundtracks,scores,works,world,focus
cid=374	morning,original,currents,soundtrack,breakfast,sunday,bed,life,sunday morning,sundays
cid=375	updated,june,august,october,cover,july,september,deserve,indie,windows
cid=376	paramore,deep,emotions,hayley,williams,sad,features,se,eras,homesick
cid=377	heat,cheese,coffee,electronic,cozy,pal,beat,indie alt,relax,bops
cid=378	christmas,season,merry,holiday,merry christmas,wonderful,classics,cheer,classic,xmas
cid=379	hip hop,hip,hop,function,kickback,bringing,timeless,valentine,pleasers,friendsgiving
cid=380	sweet,empty,experience,anxiety,dreams,sweet dreams,emotion,homework,stress,waking
cid=381	poems,minute,leave,springtime,miss,spring,vids,multiple,se,eras
cid=382	junior,hope,spice lattes,october,survive,spice,happening,melancholy,lovers,genres
cid=383	remind,birthday,17th,bro,esther,happy,vids,wop,se,eras
cid=384	love,hope,birthday,yeah,lovely,apollo,nov,kinda,embarrassing,capsule
cid=385	love,worked,food,love love,order,hard,theme,title,wop,multiple
cid=386	pop,vids,boy bands,dads,multiple,se,eras,homesick,fans,event
cid=387	sad,love,acoustic,sleep,emo,hope,bad,world,punk,planet
cid=388	jimmy,march,oscar,cover,award,watch,abc,jenny,sending,eve
cid=389	january,february,april,inspired,mac,room,loved,october,soundtrack,bangers
cid=390	hypnotic,chill,groovy,light,chillax,mood,energy,vids,homesick,fans
cid=391	boys,beastie boys,beastie,primarily,xavier,hardcore,jz,town,crazy,chill
cid=392	spooky,amazing,love,bands,finest,work,hipster,blanket,forward,genesis
cid=393	car,sing,upbeat,carpool karaoke,shirt,point,easy,comfort,dancing,ski
cid=394	breakfast,dance,smile,laugh,joy,jump,se,eras,homesick,fans
cid=395	folk,indie,americana,cover,roots,bluegrass,chill,indie folk,soul,rock
cid=396	klance,bops,love,senior,drama,july,judge,kids,dis,parties
cid=397	rap,pumping,party,hype,oxygen,blood,pour,slow,fun,guaranteed
cid=398	punk,classic,rock,punk rock,hardcore,american,british,love,ska,life
cid=399	freestyle,mixtape,party,mom,miami,moms,memories,bother,kids,eve
cid=400	western,soundtracks,laura,classical,movies,bye,balance,bad,films,writing
cid=401	friend,universe,fade,liz,life,soulmate,friendship,live,chapter,love
cid=402	arm,sing,updated monthly,updated,heart,hate,king,mar,pair,pop country
cid=403	disney,musicals,broadway,hamilton,movies,musical,love,movie,sing,showtunes
cid=404	aux,instant,pass,fantastic,groovin,szn,driving,station,low,created
cid=405	indie,rock,garage,garage rock,punk,band,shoegaze,ass,pop,collaboration
cid=406	point,faith,repeat,xo,anymore,existential,existential crisis,crisis,miss,se
cid=407	indie,seattle,open,fit,super,rest,folksy,lyrics,americana,chilllll
cid=408	lauren,el,love,lover,matter,friend,reminisce,past,esketit,homesick
cid=409	vaporwave,outrun,synthwave,chill,electronic,sounds,synth,hold,tillfällen på,issa vibe
cid=410	hell,lyrical,someday,a1,cheesy,reminded,picked,means,relationship,focus
cid=411	rock,punk,metal,angst,pop,emo,pop punk,hard,school,teen
cid=412	metal,rock,cover,deathcore,math,death,doom,power,death metal,heavy
cid=413	chillin,rip,vibin,timeless,forgotten,movie,queens,soundtrack,reign,classics
cid=414	fields,party,work,goods,sunflower,mad,upbeat,march,dance,funky
cid=415	winter,bruno,easy,mars,december,account,weeknd,february,pepper,animals
cid=416	drag,captures,spirit,read,butterflies,pop,queen,joyful,biggest,pride
cid=417	deserve,life,happy birthday,feet,grab,bowl,hard,drink,proud,happy
cid=418	love,life,girls,pride,lgbt,listened,stories,queer,guess,freaks
cid=419	talk,bit,special,vids,wop,multiple,se,eras,homesick,fans
cid=420	happy,bleh,missing,lovey,dovey,lovey dovey,wearing,difference,baby,happy happy
cid=421	prince,funk,timeless,attitude,original,happy birthday,hope,hear,michael,birthday
cid=422	meet,au,wistful,journey,campfire,red,relaxing,relax,revoir,au revoir
cid=423	heart,live,silk,world,pt,basic,gross,shower,february,choose
cid=424	constantly,ahead,zach,drive,personal,wop,multiple,se,eras,homesick
cid=425	twilight,instrumental,fell,words,throw,lion,free,movies,check,soundtrack
cid=426	love,cry,pop,cancer,sad,soft,vast,ran,male,ready
cid=427	chill,work,electronic,ambient,mellow,atmospheric,instrumental,beautiful,vocals,coding
cid=428	serendipity,user,josh,forever,finding,wop,multiple,se,eras,homesick
cid=429	turnt,jiggy,happy,ma,regret,months,vids,wop,multiple,se
cid=430	road,driving,wedding,world,dear,spread,mama,news,father,love today
cid=431	push,extra,grateful,strong,motivational,morning,vids,eras,homesick,fans
cid=432	carrie,amanda,fun,february,ass,contemplating,track,add,future,don
cid=433	mixtape,goals,vids,boy bands,multiple,se,eras,homesick,fans,event
cid=434	love,emo,life,rock,pop,panic,idk,nostalgia,party,work
cid=435	punk,emo,life,pop punk,love,pop,sad,touch,swear,angsty
cid=436	chill,epic,cheer,moments,alternative rock,roadtrip,alternative,ready,big,soundtrack
cid=437	happy,party,mood,dance,world,sunshine,thing,dance party,lucky,home
cid=438	groovy,2k17,tryin,channel,waste,genre,instrumentals,discovery,groove,pot
cid=439	electronic,couple,experimental,voice,fever,dream,michael,select,dj,hurricane
cid=440	road,september,mellow,november,test,march,adventure,driving,spring,serenity
cid=441	ethereal,loungin,happy hour,sleepy,warmth,xoxo,mood,brooke,mornings,indie
cid=442	chill,peace,jade,relax,sleepy,nights,slow,mind,feelings,oops
cid=443	direction,1d,love,pretty,edit,justin,anymore,adventures,drive,throwback bops
cid=444	sort,modern,hehe,shaped,constantly,sounds,grab,vibe,repeat,roots
cid=445	lot,mental,roadtrip,ultimate,genres,program,brothers,composed,eras,choral
cid=446	throwback,throwbacks,hop,hip,hip hop,school,party,tbt,2000s,rnb
cid=447	love,candy,draw,shower,drawing,free,coming,ass,ear,pumped
cid=448	french,la,française,jazz,france,je,chanson,français,en,subgenre
cid=449	minutes,paradise,vinyasa,composed,event,mis,dads,multiple,se,eras
cid=450	love,flashbacks,ease,october,leo,couple,kill,alive,plenty,sleepy
cid=451	sad,love,cry,rainy,sleep,slow,chill,sad sad,calm,mind
cid=452	partner,short,funny,swear,remind,crime,person,aux,compilation,sexual
cid=453	jump,likes,tunez,mama,folk,dancing,machine,mom,december,endless
cid=454	german,hahaha,beach,chosen,learn,und,pineapple,fabulous,rap,musik
cid=455	chapter,sophmore,man,single,life,chill,composed,deeply,se,eras
cid=456	mayer,john mayer,john,chill,morning,johnson,relax,jack,jack johnson,sunday
cid=457	chill,weird,quinn,blackbear,jon,bellion,freshest,eden,tryna chill,tryna
cid=458	running,catchy,mothers,te,covers,moving,missing,edgy,super,horrible
cid=459	company,loves,fun,cole,likes,studying,study,influenced,human,bad
cid=460	workout,uplift,clear mind,ta,catchy description,shape,clear,catchy,bpm,mind
cid=461	end,throwback,edit,amazing,driving,aka,popular,spanish,low,rappers
cid=462	love,love love,freshman,ouch,high,lie,high school,remember,crushes,weird
cid=463	animals,glass,glass animals,luis,mind,jungle,indie rock,peanut,breath,peanut butter
cid=464	fifa,stop,waves,bit,james,world,begin,sit,moved,cars
cid=465	walking,words,honey,vids,boy bands,se,eras,homesick,fans,event
cid=466	rap pop,underrated,hip hop,hip,hop,soul,hop rap,late,electronic,weird
cid=467	gorillaz,car,catchy,class,lily,hey,influential,zone,flaming,frank
cid=468	junior,read,skam,low,singers,spark,boi,type,spring,hey
cid=469	dark,peach,lying,bottle,sweater weather,motivate,study,colors,memory,rise
cid=470	car,road,happy,drive,walking,happiness,beautiful,words,zac brown,catchy
cid=471	high,chill,stoned,stay,catchy,touch,stoner,remind,vol,combination
cid=472	christian,rap,christian rap,nf,hip hop,hip,hop,kb,gospel,cover
cid=473	alive,tuesday,art,stay alive,paige,stay,masterpieces,gems,moonlight,boy bands
cid=474	study,boi,starbucks,studying,chainsmokers,esketit,eras,homesick,fans,event
cid=475	workout,picture,jean,die,world,beach,missing,power,hype,ripped
cid=476	chill,relax,genre,hypnotic,electronic,frame,pick,boop,rhythm,groovy
cid=477	sad,big,chill,group,actual,chilly,vids,multiple,se,eras
cid=478	olivia,essentials,version,tears,classics,vids,esketit,eras,homesick,fans
cid=479	spring,april,change,break,spring break,iv,fun,suck,guys,hope
cid=480	love,wave,tea,warm,calm,july,colors,created,nostalgia,baby
cid=481	irish,folk,sea shanties,sea,celtic,shanties,scotland,ireland,bar,black flag
cid=482	chill,jazz,hop,funk,smooth,chill tf,soul,hip,vibey,meets
cid=483	worship,jesus,god,praise,christian,lord,love,gospel,church,sing
cid=484	fluff,2k16,combination,remind,jay,bangers,blackout,related,wrong,basketball
cid=485	chill chill,sadness,rain,sad,heavy,chill,bad,chainsmokers,eras,homesick
cid=486	everyday,trip,road,emily,room,paris,heart,hour,bops,halsey
cid=487	spice,pumpkin,morning,metallica,leaves,crisp,floating,walks,park,boots
cid=488	dance,hailey,city,bops,january,cod,kayla,sam,trash,person
cid=489	alt,indie,lineup,eclectic,matthew,aka,animal,monday,words,creepy
cid=490	hardstyle,hype,bass,high,sauce,staples,det,enjoyment,elevator,bwom bwom
cid=491	indian,hindi,bach,world,golden oldies,world cover,golden,fob,biggest,india
cid=492	graduation,flavor,tasty,hope,syd,upbeat,consists,era,mashup,movie
cid=493	home,november,looked,mountains,familiar,constantly,emma,hurricane,city,exciting
cid=494	color,colors,reading,goosebumps,suck,dry,title,rosie,se,eras
cid=495	summa,happen,road,cheers,lot,throw,fuego,thing,boyfriend,cruise
cid=496	love,social,love love,destruction,ultimate,matt,boy bands,se,eras,homesick
cid=497	chill,chillin,wanderlust,winter,based,bad,graduation,sound,grad party,congrats
cid=498	soft,pink,boy,beginning,stressed,blowing,candy,stars,stays,aw
cid=499	dance,pop,dances,hip hop,beast,edgy,fit,vibez,guess,st
cid=500	indie,la vie,la,likes,ta,beach,mood,psyched,vie,life
cid=501	ukulele,en rose,til,soothing sounds,la,relax,drift,dreams,vie en,rose
cid=502	replay,yeet,pizza,pretty,meow,check,megan,bump,lift,scott
cid=503	forrest,happen,balls,remembering,ultimate,bliss,fire,dr,breathing,run forrest
cid=504	wo,easy,driving,sunday,michael,morning,sleep,necessarily,road,afternoon
cid=505	collab,called,object,idea,kidding,work,insert,thing,ca,talented
cid=506	tyler,trap,latin,mixture,creator,spanish,word,lil,embarrassing,recording
cid=507	october,hell,sunday morning,bit,sunday,morning,chilly,oct,eve,deeply
cid=508	chill,rap,creator,tyler,ocean,frank ocean,frank,dope,members,chill rap
cid=509	pain,beat,generation,legendary,minds,prepare,roadtrip,soundtrack,boy bands,eras
cid=510	halloween,spooky,party,scary,halloween party,october,creepy,spoopy,season,classics
cid=511	female,wife,art,space,providing,bearable,freedom,epic,original,july
cid=512	beloved,happy,popular,king,life,joyful,michael jackson,michael,pop,jackson
cid=513	casual,delete,remixes,fun,nostalgia,upbeat,mess,homesick,fans,event
cid=514	fugue,art,works,focus,writing,write,modern,chart,remind,silly
cid=515	post,khalid,post malone,malone,logic,rihanna,buzz,travis,kodak,mello
cid=516	game,anime,fnaf,love,japanese,soundtracks,games,relaxing,undertale,video
cid=517	chill,coast,life,home,positivity,sun,slow,ski,soundtrack,emo
cid=518	versions,death,support,info,ta,eagles,head,basically,2k16,forward
cid=519	zouk,sexy,chill,mellow,chill chill,amor,soft,heavy,gas,eras
cid=520	soul,sound,late,hall,lies,road,april,blues,world,loud
cid=521	thing,love,instagram,beautiful,adventures,wattpad,heart,book,written,vids
cid=522	stories,poetry,poems,love,romantic,short,short stories,featuring,sensual,bohemian
cid=523	love,love love,bunch,sweet,world,lauren,robert,ways,baby,evil
cid=524	warning,content,explicit,explicit content,warning explicit,comedians,funny,comedy,laugh,bored
cid=525	fire,distance,small,big,casual,falling,wind,love,brothers,esketit
cid=526	chill,dance,edm,house,electronic,mood,tropical,beach,tropical house,upbeat
cid=527	chill,man,chillin,drugs,chill indie,hey,hip hop,und,fun,muse
cid=528	love,nathan,joy,georgia,homesick,foreign,brings,comfort,nostalgia,boys
cid=529	chill bro,chill,type,connected,bro,memories,studying,vids,eras,homesick
cid=530	bruno,bruno mars,mars,swag,funk,cooking,featuring,pop,cleaning,voice
cid=531	tree,nostalgia,hill,sad,tree hill,show,alternative,bad,early,train
cid=532	surfing,moment,dreaming,pond,living,chill chill,depressing,kinda,edge,ultimate
cid=533	cuba,jazz,brazilian,spanish,genres,salsa,nova,bossa,bossa nova,sip
cid=534	electronic,party,event,electric,echo,upbeat,forest,genre,dance,hottest
cid=535	autumn,nature,seasonal,orange,indigo,inspiration,global,red,mellow,season
cid=536	female,queen,women,blue,bad,power,turner,girl power,smith,icons
cid=537	march,curated,heat,fire,based,inside,birthday,red,created,park
cid=538	party,guarantee,wavy,heat,ultimate,feet,summertime,party party,sand,hand
cid=539	dance,pop,trendy,alright,listened,bad,smile,joey,growing,upbeat pop
cid=540	girl,girl power,power,love,women,female,world,celebrate,girls,pop
cid=541	girl,september,warm,sweet sweet,sweet,talk,moon,goods,slaps,hey
cid=542	drake,drizzy,chill,hop,ovo,hip,hip hop,rap,car,champagne
cid=543	order,indie,soft,type,timeless,indie pop,obsessed,finally,mixed emotions,bop
cid=544	jazz,smooth,jazzy,classics,fusion,band,swing,ca,relaxing,standards
cid=545	stage,breakup,carry,anger,blues,vids,homesick,fans,event,wop
cid=546	dance,vocal,chill,melodic,chill rap,rap,future,future bass,dreamy,relaxed
cid=547	show,ride,senior,palm springs,motivation,performances,palm,press,ice,adventures
cid=548	live,ready,upcoming,saturday,lolla,festival,weekend,hear,acl,sending
cid=549	chill,slow,set,relax,esketit,se,eras,homesick,fans,event
cid=550	dance,dancehall,heat,african,cover,world cover,africa,moving,hips,world
cid=551	toast,inspiring,mood,weather,grl,grl pwr,pwr,colder,depending,winter
cid=552	low key,types,sarah,low,key,safety,relax,miss,scars,heart
cid=553	grew,bae,simp,style,vids,esketit,eras,homesick,fans,event
cid=554	hell,strut,hip hop,downtown,google,hip,hop,city,hill,hop rap
cid=555	lmao,season,home,literally,talented,multiple,eras,homesick,fans,event
cid=556	human,career,starts,start,breath,takes,bone,watching,melodies,lee
cid=557	michael,loved,love,inspiration,easy,sounds,lesser,afraid,dancers,se
cid=558	chill,love,relax,alt,show,goods,nap,sit,moving,start
cid=559	love,love love,adore,start,pain,lovely,saturday,partay,miscellaneous,pic
cid=560	electro,swing,electro swing,funk,chill,modern,electronic,genre,streaming,hop
cid=561	fusion,friend,whilst,cooking,blues,yoga,sounding,study,asleep,zouk
cid=562	sing,love,disney,clean,fun,wedding,britt,alongs,sing alongs,band
